 	Task	Responder	sender_entity	sender_name	recipient	block	tool_type	tool	content
 	ResearchAgent1	Entity.USER	Entity.USER	ResearchAgent1		None			How can quantum computing specifically contribute to enhancing the security and scalability of a global financial ecosystem?
 	ResearchAgent1	Entity.USER	Entity.USER	Entity.USER		None			[CANNOT RESPOND]
 	ResearchAgent1	Entity.AGENT	Entity.USER			None			
*	ResearchAgent1	Entity.LLM	Entity.LLM			None	FUNC	relevant_extracts	FUNC: { "name": "relevant_extracts", "arguments": { "query": "quantum computing ...curity and scalability in financial systems", "request": "relevant_extracts" } }
 	Task	Responder	sender_entity	sender_name	recipient	block	tool_type	tool	content
 	Relevance-Extractor-0	Entity.USER	Entity.USER	Relevance-Extractor-0		None			## TL;DR: DeepSeek vs. ChatGPT – Cost Comparison **DeepSeek outperforms ChatGPT ...eed multimodal AI (e.g., image processing), ChatGPT may be worth the extra cost.
 	Relevance-Extractor-0	Entity.USER	Entity.USER	Entity.USER		None			[CANNOT RESPOND]
 	Relevance-Extractor-0	Entity.AGENT	Entity.USER			None			
*	Relevance-Extractor-0	Entity.LLM	Entity.LLM			None	FUNC	extract_segments	FUNC: { "name": "extract_segments", "arguments": { "segment_list": "", "request": "extract_segments" } }
*	Relevance-Extractor-0	Entity.AGENT	Entity.AGENT	Relevance-Extractor-0		None			DONE DO-NOT-KNOW
 	Task	Responder	sender_entity	sender_name	recipient	block	tool_type	tool	content
 	Relevance-Extractor-1	Entity.USER	Entity.USER	Relevance-Extractor-1		None			**e. High-Volume API Users** **Why They Benefit**: DeepSeek’s pricing enables co...den. The next step? **Try DeepSeek yourself**** and experience the difference.**
 	Relevance-Extractor-1	Entity.USER	Entity.USER	Entity.USER		None			[CANNOT RESPOND]
 	Relevance-Extractor-1	Entity.AGENT	Entity.USER			None			
*	Relevance-Extractor-1	Entity.LLM	Entity.LLM			None	FUNC	extract_segments	FUNC: { "name": "extract_segments", "arguments": { "segment_list": "", "request": "extract_segments" } }
*	Relevance-Extractor-1	Entity.AGENT	Entity.AGENT	Relevance-Extractor-1		None			DONE DO-NOT-KNOW
 	Task	Responder	sender_entity	sender_name	recipient	block	tool_type	tool	content
 	Relevance-Extractor-2	Entity.USER	Entity.USER	Relevance-Extractor-2		None			## What is DeepSeek AI and How Does it Work? DeepSeek, founded by Liang Wenfeng ...mic Times.) Subscribe to The Economic Times Prime and read the ET ePaper online.
 	Relevance-Extractor-2	Entity.USER	Entity.USER	Entity.USER		None			[CANNOT RESPOND]
 	Relevance-Extractor-2	Entity.AGENT	Entity.USER			None			
*	Relevance-Extractor-2	Entity.LLM	Entity.LLM			None	FUNC	extract_segments	FUNC: { "name": "extract_segments", "arguments": { "segment_list": "", "request": "extract_segments" } }
*	Relevance-Extractor-2	Entity.AGENT	Entity.AGENT	Relevance-Extractor-2		None			DONE DO-NOT-KNOW
 	Task	Responder	sender_entity	sender_name	recipient	block	tool_type	tool	content
 	Relevance-Extractor-0	Entity.USER	Entity.USER	Relevance-Extractor-0		None			## Back to the future ... ## What business lines will benefit most? In late 2019...l applications and there is no dominant design for scaling quantum capabilities.
 	Relevance-Extractor-0	Entity.USER	Entity.USER	Entity.USER		None			[CANNOT RESPOND]
 	Relevance-Extractor-0	Entity.AGENT	Entity.USER			None			
*	Relevance-Extractor-0	Entity.LLM	Entity.LLM			None	FUNC	extract_segments	FUNC: { "name": "extract_segments", "arguments": { "segment_list": "5,13", "request": "extract_segments" } }
*	Relevance-Extractor-0	Entity.AGENT	Entity.AGENT	Relevance-Extractor-0		None			DONE More broadly, capital allocation across a range of corporate finance activi...l applications and there is no dominant design for scaling quantum capabilities.
 	Task	Responder	sender_entity	sender_name	recipient	block	tool_type	tool	content
 	Relevance-Extractor-1	Entity.USER	Entity.USER	Relevance-Extractor-1		None			## Back to the future ... ## Preparing for a quantum future: Three principles Ma...getting up to speed and gaining competitive advantage will not be open for long.
 	Relevance-Extractor-1	Entity.USER	Entity.USER	Entity.USER		None			[CANNOT RESPOND]
 	Relevance-Extractor-1	Entity.AGENT	Entity.USER			None			
*	Relevance-Extractor-1	Entity.LLM	Entity.LLM			None	FUNC	extract_segments	FUNC: { "name": "extract_segments", "arguments": { "segment_list": "2,3,18,19", "request": "extract_segments" } }
*	Relevance-Extractor-1	Entity.AGENT	Entity.AGENT	Relevance-Extractor-1		None			DONE Many financial industry participants rely on computing power to improve dec...getting up to speed and gaining competitive advantage will not be open for long.
 	Task	Responder	sender_entity	sender_name	recipient	block	tool_type	tool	content
 	Relevance-Extractor-2	Entity.USER	Entity.USER	Relevance-Extractor-2		None			services has a history of successfully applying physics to help solve its thorni...yers in the Americas, Asia, and EMEA, undergoing deep transformation journeys. -
 	Relevance-Extractor-2	Entity.USER	Entity.USER	Entity.USER		None			[CANNOT RESPOND]
 	Relevance-Extractor-2	Entity.AGENT	Entity.USER			None			
*	Relevance-Extractor-2	Entity.LLM	Entity.LLM			None	FUNC	extract_segments	FUNC: { "name": "extract_segments", "arguments": { "segment_list": "6-9,13,16,20-22", "request": "extract_segments" } }
*	Relevance-Extractor-2	Entity.AGENT	Entity.AGENT	Relevance-Extractor-2		None			DONE What gives quantum computing this enormous advantage? ... The solution spac...data differently, providing a quadratic speed-up for these types of simulations.
*	ResearchAgent1	Entity.AGENT	Entity.AGENT	ResearchAgent1		None			=== Web Search Extracts === [1] CONTENT: More broadly, capital allocation across...ght-leadership/institute-business-value/en-us/report/exploring-quantum-financial
 	Task	Responder	sender_entity	sender_name	recipient	block	tool_type	tool	content
 	ResearchAgent2	Entity.USER	Entity.USER	ResearchAgent2		None			What are the specific challenges and solutions in integrating distributed ledger...ing financial systems to ensure compliance with diverse regulatory requirements?
 	ResearchAgent2	Entity.USER	Entity.USER	Entity.USER		None			[CANNOT RESPOND]
 	ResearchAgent2	Entity.AGENT	Entity.USER			None			
*	ResearchAgent2	Entity.LLM	Entity.LLM			None	FUNC	relevant_extracts	FUNC: { "name": "relevant_extracts", "arguments": { "query": "challenges and sol...financial systems for regulatory compliance", "request": "relevant_extracts" } }
 	Task	Responder	sender_entity	sender_name	recipient	block	tool_type	tool	content
 	Relevance-Extractor-0	Entity.USER	Entity.USER	Relevance-Extractor-0		None			## What is DeepSeek AI and How Does it Work? DeepSeek, founded by Liang Wenfeng ...mic Times.) Subscribe to The Economic Times Prime and read the ET ePaper online.
 	Relevance-Extractor-0	Entity.USER	Entity.USER	Entity.USER		None			[CANNOT RESPOND]
 	Relevance-Extractor-0	Entity.AGENT	Entity.USER			None			
*	Relevance-Extractor-0	Entity.LLM	Entity.LLM			None	FUNC	extract_segments	FUNC: { "name": "extract_segments", "arguments": { "segment_list": "", "request": "extract_segments" } }
*	Relevance-Extractor-0	Entity.AGENT	Entity.AGENT	Relevance-Extractor-0		None			DONE DO-NOT-KNOW
 	Task	Responder	sender_entity	sender_name	recipient	block	tool_type	tool	content
 	Relevance-Extractor-1	Entity.USER	Entity.USER	Relevance-Extractor-1		None			## Abstract Compared with traditional paper-based medical records, electronic he...xt from the hash value, protecting blockchain from any third-party interference.
 	Relevance-Extractor-1	Entity.USER	Entity.USER	Entity.USER		None			[CANNOT RESPOND]
 	Relevance-Extractor-1	Entity.AGENT	Entity.USER			None			
*	Relevance-Extractor-1	Entity.LLM	Entity.LLM			None	FUNC	extract_segments	FUNC: { "name": "extract_segments", "arguments": { "segment_list": "4,5,6,7,8", "request": "extract_segments" } }
*	Relevance-Extractor-1	Entity.AGENT	Entity.AGENT	Relevance-Extractor-1		None			DONE As a distributed ledger protocol composed of encrypted blocks of data organ...h providers and patients that may ensue with wider use of blockchain technology.
 	Task	Responder	sender_entity	sender_name	recipient	block	tool_type	tool	content
 	Relevance-Extractor-2	Entity.USER	Entity.USER	Relevance-Extractor-2		None			## Abstract ... ## I. Introduction Electronic Health Record (EHR) systems [1] ha... Foundation, and contributions to the project are made by Digital Asset and IBM.
 	Relevance-Extractor-2	Entity.USER	Entity.USER	Entity.USER		None			[CANNOT RESPOND]
 	Relevance-Extractor-2	Entity.AGENT	Entity.USER			None			
*	Relevance-Extractor-2	Entity.LLM	Entity.LLM			None	FUNC	extract_segments	FUNC: { "name": "extract_segments", "arguments": { "segment_list": "19-24", "request": "extract_segments" } }
*	Relevance-Extractor-2	Entity.AGENT	Entity.AGENT	Relevance-Extractor-2		None			DONE To accomplish our goals, we adopt blockchain technology, especially the per... Foundation, and contributions to the project are made by Digital Asset and IBM.
*	ResearchAgent2	Entity.AGENT	Entity.AGENT	ResearchAgent2		None			=== Relevant Extracts === [1] CONTENT: As a distributed ledger protocol composed...igital Asset and IBM. URL: https://www.ncbi.nlm.nih.gov/pmc/articles/PMC7010942/
 	Task	Responder	sender_entity	sender_name	recipient	block	tool_type	tool	content
 	ResearchAgent3	Entity.USER	Entity.USER	ResearchAgent3		None			3. What strategies can be implemented to ensure equitable access to financial se... while leveraging these advanced technologies in the global financial ecosystem?
 	ResearchAgent3	Entity.USER	Entity.USER	Entity.USER		None			[CANNOT RESPOND]
 	ResearchAgent3	Entity.AGENT	Entity.USER			None			
*	ResearchAgent3	Entity.LLM	Entity.LLM			None	FUNC	relevant_extracts	FUNC: { "name": "relevant_extracts", "arguments": { "query": "strategies for equ...using AI, quantum computing, and blockchain", "request": "relevant_extracts" } }
 	Task	Responder	sender_entity	sender_name	recipient	block	tool_type	tool	content
 	Relevance-Extractor-0	Entity.USER	Entity.USER	Relevance-Extractor-0		None			Comparison ... ## People Also Ask: **1. What’s better, DeepSeek or ChatGPT?** De... dependency on third-party servers and improving overall efficiency. **4. Did De
 	Relevance-Extractor-0	Entity.USER	Entity.USER	Entity.USER		None			[CANNOT RESPOND]
 	Relevance-Extractor-0	Entity.AGENT	Entity.USER			None			
*	Relevance-Extractor-0	Entity.LLM	Entity.LLM			None	FUNC	extract_segments	FUNC: { "name": "extract_segments", "arguments": { "segment_list": "", "request": "extract_segments" } }
*	Relevance-Extractor-0	Entity.AGENT	Entity.AGENT	Relevance-Extractor-0		None			DONE DO-NOT-KNOW
 	Task	Responder	sender_entity	sender_name	recipient	block	tool_type	tool	content
 	Relevance-Extractor-1	Entity.USER	Entity.USER	Relevance-Extractor-1		None			## TL;DR: DeepSeek vs. ChatGPT – Cost Comparison ... #### Confused in Choosing t...den. The next step? **Try DeepSeek yourself**** and experience the difference.**
 	Relevance-Extractor-1	Entity.USER	Entity.USER	Entity.USER		None			[CANNOT RESPOND]
 	Relevance-Extractor-1	Entity.AGENT	Entity.USER			None			
*	Relevance-Extractor-1	Entity.LLM	Entity.LLM			None	FUNC	extract_segments	FUNC: { "name": "extract_segments", "arguments": { "segment_list": "21-24", "request": "extract_segments" } }
*	Relevance-Extractor-1	Entity.AGENT	Entity.AGENT	Relevance-Extractor-1		None			DONE **d. Education and Nonprofits** **Why They Benefit**: Many educational inst...ants, enabling automated donor communication, or managing educational resources.
 	Task	Responder	sender_entity	sender_name	recipient	block	tool_type	tool	content
 	Relevance-Extractor-2	Entity.USER	Entity.USER	Relevance-Extractor-2		None			## Applying emerging quantum technology to financial problems ... ### Capturing ... a banking performance quadrant, and using generative AI to elevate performance.
 	Relevance-Extractor-2	Entity.USER	Entity.USER	Entity.USER		None			[CANNOT RESPOND]
 	Relevance-Extractor-2	Entity.AGENT	Entity.USER			None			
*	Relevance-Extractor-2	Entity.LLM	Entity.LLM			None	FUNC	extract_segments	FUNC: { "name": "extract_segments", "arguments": { "segment_list": "1", "request": "extract_segments" } }
*	Relevance-Extractor-2	Entity.AGENT	Entity.AGENT	Relevance-Extractor-2		None			DONE ## Applying emerging quantum technology to financial problems ... ### Captu...ividend in banking ... ### 2025 Global Outlook for Banking and Financial Markets
*	ResearchAgent3	Entity.AGENT	Entity.AGENT	ResearchAgent3		None			=== Relevant Extracts === [1] CONTENT: **d. Education and Nonprofits** **Why The...ght-leadership/institute-business-value/en-us/report/exploring-quantum-financial
 	Task	Responder	sender_entity	sender_name	recipient	block	tool_type	tool	content
 	AggregationAgent	Entity.USER	Entity.USER	AggregationAgent		None			('How can the integration of advanced artificial intelligence, quantum computing..., function_call=None, tool_messages=[], all_tool_messages=[], attachment=None)])
 	AggregationAgent	Entity.USER	Entity.USER	Entity.USER		None			[CANNOT RESPOND]
 	AggregationAgent	Entity.AGENT	Entity.USER			None			
*	AggregationAgent	Entity.LLM	Entity.LLM			None	FUNC	generate_report_tool	FUNC: { "name": "generate_report_tool", "arguments": { "original_query": "How ca...port/exploring-quantum-financial\\n\\n" ], "request": "generate_report_tool" } }
*	AggregationAgent	Entity.AGENT	Entity.AGENT	AggregationAgent		None			# Research Report: Designing a Secure, Scalable, and Privacy-Preserving Global F...rket changes and mitigate systemic risks across diverse geopolitical landscapes.
 	Task	Responder	sender_entity	sender_name	recipient	block	tool_type	tool	content
 	CriticAgent	Entity.USER	Entity.USER	CriticAgent		None			["How can the integration of advanced artificial intelligence, quantum computing...ile leveraging these advanced technologies in the global financial ecosystem?"]]
 	CriticAgent	Entity.USER	Entity.USER	Entity.USER		None			[CANNOT RESPOND]
 	CriticAgent	Entity.AGENT	Entity.USER			None			
*	CriticAgent	Entity.LLM	Entity.LLM			None	FUNC	evaluate_report_quality_tool	FUNC: { "name": "evaluate_report_quality_tool", "arguments": { "original_query":...he global financial ecosystem?" ], "request": "evaluate_report_quality_tool" } }
*	CriticAgent	Entity.AGENT	Entity.AGENT	CriticAgent		None			end
ty.LLM			None	FUNC	extract_segments	FUNC: { "name": "extract_segments", "arguments": { "segment_list": "", "request": "extract_segments" } }
*	Relevance-Extractor-1	Entity.AGENT	Entity.AGENT	Relevance-Extractor-1		None			DONE DO-NOT-KNOW
 	Task	Responder	sender_entity	sender_name	recipient	block	tool_type	tool	content
 	Relevance-Extractor-2	Entity.USER	Entity.USER	Relevance-Extractor-2		None			## What is DeepSeek AI and How Does it Work? DeepSeek, founded by Liang Wenfeng ...mic Times.) Subscribe to The Economic Times Prime and read the ET ePaper online.
 	Relevance-Extractor-2	Entity.USER	Entity.USER	Entity.USER		None			[CANNOT RESPOND]
 	Relevance-Extractor-2	Entity.AGENT	Entity.USER			None			
*	Relevance-Extractor-2	Entity.LLM	Entity.LLM			None	FUNC	extract_segments	FUNC: { "name": "extract_segments", "arguments": { "segment_list": "", "request": "extract_segments" } }
*	Relevance-Extractor-2	Entity.AGENT	Entity.AGENT	Relevance-Extractor-2		None			DONE DO-NOT-KNOW
 	Task	Responder	sender_entity	sender_name	recipient	block	tool_type	tool	content
 	Relevance-Extractor-0	Entity.USER	Entity.USER	Relevance-Extractor-0		None			## Back to the future ... ## What business lines will benefit most? In late 2019...l applications and there is no dominant design for scaling quantum capabilities.
 	Relevance-Extractor-0	Entity.USER	Entity.USER	Entity.USER		None			[CANNOT RESPOND]
 	Relevance-Extractor-0	Entity.AGENT	Entity.USER			None			
*	Relevance-Extractor-0	Entity.LLM	Entity.LLM			None	FUNC	extract_segments	FUNC: { "name": "extract_segments", "arguments": { "segment_list": "5,13", "request": "extract_segments" } }
*	Relevance-Extractor-0	Entity.AGENT	Entity.AGENT	Relevance-Extractor-0		None			DONE More broadly, capital allocation across a range of corporate finance activi...l applications and there is no dominant design for scaling quantum capabilities.
 	Task	Responder	sender_entity	sender_name	recipient	block	tool_type	tool	content
 	Relevance-Extractor-1	Entity.USER	Entity.USER	Relevance-Extractor-1		None			## Back to the future ... ## Preparing for a quantum future: Three principles Ma...getting up to speed and gaining competitive advantage will not be open for long.
 	Relevance-Extractor-1	Entity.USER	Entity.USER	Entity.USER		None			[CANNOT RESPOND]
 	Relevance-Extractor-1	Entity.AGENT	Entity.USER			None			
*	Relevance-Extractor-1	Entity.LLM	Entity.LLM			None	FUNC	extract_segments	FUNC: { "name": "extract_segments", "arguments": { "segment_list": "2,3,18,19", "request": "extract_segments" } }
*	Relevance-Extractor-1	Entity.AGENT	Entity.AGENT	Relevance-Extractor-1		None			DONE Many financial industry participants rely on computing power to improve dec...getting up to speed and gaining competitive advantage will not be open for long.
 	Task	Responder	sender_entity	sender_name	recipient	block	tool_type	tool	content
 	Relevance-Extractor-2	Entity.USER	Entity.USER	Relevance-Extractor-2		None			services has a history of successfully applying physics to help solve its thorni...yers in the Americas, Asia, and EMEA, undergoing deep transformation journeys. -
 	Relevance-Extractor-2	Entity.USER	Entity.USER	Entity.USER		None			[CANNOT RESPOND]
 	Relevance-Extractor-2	Entity.AGENT	Entity.USER			None			
*	Relevance-Extractor-2	Entity.LLM	Entity.LLM			None	FUNC	extract_segments	FUNC: { "name": "extract_segments", "arguments": { "segment_list": "6-9,13,16,20-22", "request": "extract_segments" } }
*	Relevance-Extractor-2	Entity.AGENT	Entity.AGENT	Relevance-Extractor-2		None			DONE What gives quantum computing this enormous advantage? ... The solution spac...data differently, providing a quadratic speed-up for these types of simulations.
*	ResearchAgent1	Entity.AGENT	Entity.AGENT	ResearchAgent1		None			=== Web Search Extracts === [1] CONTENT: More broadly, capital allocation across...ght-leadership/institute-business-value/en-us/report/exploring-quantum-financial
 	Task	Responder	sender_entity	sender_name	recipient	block	tool_type	tool	content
 	ResearchAgent2	Entity.USER	Entity.USER	ResearchAgent2		None			What are the specific challenges and solutions in integrating distributed ledger...ing financial systems to ensure compliance with diverse regulatory requirements?
 	ResearchAgent2	Entity.USER	Entity.USER	Entity.USER		None			[CANNOT RESPOND]
 	ResearchAgent2	Entity.AGENT	Entity.USER			None			
*	ResearchAgent2	Entity.LLM	Entity.LLM			None	FUNC	relevant_extracts	FUNC: { "name": "relevant_extracts", "arguments": { "query": "challenges and sol...financial systems for regulatory compliance", "request": "relevant_extracts" } }
 	Task	Responder	sender_entity	sender_name	recipient	block	tool_type	tool	content
 	Relevance-Extractor-0	Entity.USER	Entity.USER	Relevance-Extractor-0		None			## What is DeepSeek AI and How Does it Work? DeepSeek, founded by Liang Wenfeng ...mic Times.) Subscribe to The Economic Times Prime and read the ET ePaper online.
 	Relevance-Extractor-0	Entity.USER	Entity.USER	Entity.USER		None			[CANNOT RESPOND]
 	Relevance-Extractor-0	Entity.AGENT	Entity.USER			None			
*	Relevance-Extractor-0	Entity.LLM	Entity.LLM			None	FUNC	extract_segments	FUNC: { "name": "extract_segments", "arguments": { "segment_list": "", "request": "extract_segments" } }
*	Relevance-Extractor-0	Entity.AGENT	Entity.AGENT	Relevance-Extractor-0		None			DONE DO-NOT-KNOW
 	Task	Responder	sender_entity	sender_name	recipient	block	tool_type	tool	content
 	Relevance-Extractor-1	Entity.USER	Entity.USER	Relevance-Extractor-1		None			## Abstract Compared with traditional paper-based medical records, electronic he...xt from the hash value, protecting blockchain from any third-party interference.
 	Relevance-Extractor-1	Entity.USER	Entity.USER	Entity.USER		None			[CANNOT RESPOND]
 	Relevance-Extractor-1	Entity.AGENT	Entity.USER			None			
*	Relevance-Extractor-1	Entity.LLM	Entity.LLM			None	FUNC	extract_segments	FUNC: { "name": "extract_segments", "arguments": { "segment_list": "4,5,6,7,8", "request": "extract_segments" } }
*	Relevance-Extractor-1	Entity.AGENT	Entity.AGENT	Relevance-Extractor-1		None			DONE As a distributed ledger protocol composed of encrypted blocks of data organ...h providers and patients that may ensue with wider use of blockchain technology.
 	Task	Responder	sender_entity	sender_name	recipient	block	tool_type	tool	content
 	Relevance-Extractor-2	Entity.USER	Entity.USER	Relevance-Extractor-2		None			## Abstract ... ## I. Introduction Electronic Health Record (EHR) systems [1] ha... Foundation, and contributions to the project are made by Digital Asset and IBM.
 	Relevance-Extractor-2	Entity.USER	Entity.USER	Entity.USER		None			[CANNOT RESPOND]
 	Relevance-Extractor-2	Entity.AGENT	Entity.USER			None			
*	Relevance-Extractor-2	Entity.LLM	Entity.LLM			None	FUNC	extract_segments	FUNC: { "name": "extract_segments", "arguments": { "segment_list": "19-24", "request": "extract_segments" } }
*	Relevance-Extractor-2	Entity.AGENT	Entity.AGENT	Relevance-Extractor-2		None			DONE To accomplish our goals, we adopt blockchain technology, especially the per... Foundation, and contributions to the project are made by Digital Asset and IBM.
*	ResearchAgent2	Entity.AGENT	Entity.AGENT	ResearchAgent2		None			=== Relevant Extracts === [1] CONTENT: As a distributed ledger protocol composed...igital Asset and IBM. URL: https://www.ncbi.nlm.nih.gov/pmc/articles/PMC7010942/
 	Task	Responder	sender_entity	sender_name	recipient	block	tool_type	tool	content
 	ResearchAgent3	Entity.USER	Entity.USER	ResearchAgent3		None			3. What strategies can be implemented to ensure equitable access to financial se... while leveraging these advanced technologies in the global financial ecosystem?
 	ResearchAgent3	Entity.USER	Entity.USER	Entity.USER		None			[CANNOT RESPOND]
 	ResearchAgent3	Entity.AGENT	Entity.USER			None			
*	ResearchAgent3	Entity.LLM	Entity.LLM			None	FUNC	relevant_extracts	FUNC: { "name": "relevant_extracts", "arguments": { "query": "strategies for equ...using AI, quantum computing, and blockchain", "request": "relevant_extracts" } }
 	Task	Responder	sender_entity	sender_name	recipient	block	tool_type	tool	content
 	Relevance-Extractor-0	Entity.USER	Entity.USER	Relevance-Extractor-0		None			Comparison ... ## People Also Ask: **1. What’s better, DeepSeek or ChatGPT?** De... dependency on third-party servers and improving overall efficiency. **4. Did De
 	Relevance-Extractor-0	Entity.USER	Entity.USER	Entity.USER		None			[CANNOT RESPOND]
 	Relevance-Extractor-0	Entity.AGENT	Entity.USER			None			
*	Relevance-Extractor-0	Entity.LLM	Entity.LLM			None	FUNC	extract_segments	FUNC: { "name": "extract_segments", "arguments": { "segment_list": "", "request": "extract_segments" } }
*	Relevance-Extractor-0	Entity.AGENT	Entity.AGENT	Relevance-Extractor-0		None			DONE DO-NOT-KNOW
 	Task	Responder	sender_entity	sender_name	recipient	block	tool_type	tool	content
 	Relevance-Extractor-1	Entity.USER	Entity.USER	Relevance-Extractor-1		None			## TL;DR: DeepSeek vs. ChatGPT – Cost Comparison ... #### Confused in Choosing t...den. The next step? **Try DeepSeek yourself**** and experience the difference.**
 	Relevance-Extractor-1	Entity.USER	Entity.USER	Entity.USER		None			[CANNOT RESPOND]
 	Relevance-Extractor-1	Entity.AGENT	Entity.USER			None			
*	Relevance-Extractor-1	Entity.LLM	Entity.LLM			None	FUNC	extract_segments	FUNC: { "name": "extract_segments", "arguments": { "segment_list": "21-24", "request": "extract_segments" } }
*	Relevance-Extractor-1	Entity.AGENT	Entity.AGENT	Relevance-Extractor-1		None			DONE **d. Education and Nonprofits** **Why They Benefit**: Many educational inst...ants, enabling automated donor communication, or managing educational resources.
 	Task	Responder	sender_entity	sender_name	recipient	block	tool_type	tool	content
 	Relevance-Extractor-2	Entity.USER	Entity.USER	Relevance-Extractor-2		None			## Applying emerging quantum technology to financial problems ... ### Capturing ... a banking performance quadrant, and using generative AI to elevate performance.
 	Relevance-Extractor-2	Entity.USER	Entity.USER	Entity.USER		None			[CANNOT RESPOND]
 	Relevance-Extractor-2	Entity.AGENT	Entity.USER			None			
*	Relevance-Extractor-2	Entity.LLM	Entity.LLM			None	FUNC	extract_segments	FUNC: { "name": "extract_segments", "arguments": { "segment_list": "1", "request": "extract_segments" } }
*	Relevance-Extractor-2	Entity.AGENT	Entity.AGENT	Relevance-Extractor-2		None			DONE ## Applying emerging quantum technology to financial problems ... ### Captu...ividend in banking ... ### 2025 Global Outlook for Banking and Financial Markets
*	ResearchAgent3	Entity.AGENT	Entity.AGENT	ResearchAgent3		None			=== Relevant Extracts === [1] CONTENT: **d. Education and Nonprofits** **Why The...ght-leadership/institute-business-value/en-us/report/exploring-quantum-financial
 	Task	Responder	sender_entity	sender_name	recipient	block	tool_type	tool	content
 	AggregationAgent	Entity.USER	Entity.USER	AggregationAgent		None			('How can the integration of advanced artificial intelligence, quantum computing..., function_call=None, tool_messages=[], all_tool_messages=[], attachment=None)])
 	AggregationAgent	Entity.USER	Entity.USER	Entity.USER		None			[CANNOT RESPOND]
 	AggregationAgent	Entity.AGENT	Entity.USER			None			
*	AggregationAgent	Entity.LLM	Entity.LLM			None	FUNC	generate_report_tool	FUNC: { "name": "generate_report_tool", "arguments": { "original_query": "How ca...port/exploring-quantum-financial\\n\\n" ], "request": "generate_report_tool" } }
*	AggregationAgent	Entity.AGENT	Entity.AGENT	AggregationAgent		None			# Research Report: Designing a Secure, Scalable, and Privacy-Preserving Global F...rket changes and mitigate systemic risks across diverse geopolitical landscapes.
 	Task	Responder	sender_entity	sender_name	recipient	block	tool_type	tool	content
 	CriticAgent	Entity.USER	Entity.USER	CriticAgent		None			["How can the integration of advanced artificial intelligence, quantum computing...ile leveraging these advanced technologies in the global financial ecosystem?"]]
 	CriticAgent	Entity.USER	Entity.USER	Entity.USER		None			[CANNOT RESPOND]
 	CriticAgent	Entity.AGENT	Entity.USER			None			
*	CriticAgent	Entity.LLM	Entity.LLM			None	FUNC	evaluate_report_quality_tool	FUNC: { "name": "evaluate_report_quality_tool", "arguments": { "original_query":...he global financial ecosystem?" ], "request": "evaluate_report_quality_tool" } }
*	CriticAgent	Entity.AGENT	Entity.AGENT	CriticAgent		None			end
